title,description,thumbnailId,createdBy,createdByName,createdAt,published,flashcardCount,standard,subject,flashcardsData
"Algebra Basics","Introduction to algebraic expressions and equations","thumbnail-algebra","demo-user-id","Demo Teacher","2025-08-20 08:52:17",true,10,"9th","maths-1","{""titleImageId"":""title-algebra"",""flashcards"":[{""id"":""card-1"",""frontImageId"":""front-algebra-1"",""backImageId"":""back-algebra-1"",""cardNumber"":1},{""id"":""card-2"",""frontImageId"":""front-algebra-2"",""backImageId"":""back-algebra-2"",""cardNumber"":2},{""id"":""card-3"",""frontImageId"":""front-algebra-3"",""backImageId"":""back-algebra-3"",""cardNumber"":3},{""id"":""card-4"",""frontImageId"":""front-algebra-4"",""backImageId"":""back-algebra-4"",""cardNumber"":4},{""id"":""card-5"",""frontImageId"":""front-algebra-5"",""backImageId"":""back-algebra-5"",""cardNumber"":5},{""id"":""card-6"",""frontImageId"":""front-algebra-6"",""backImageId"":""back-algebra-6"",""cardNumber"":6},{""id"":""card-7"",""frontImageId"":""front-algebra-7"",""backImageId"":""back-algebra-7"",""cardNumber"":7},{""id"":""card-8"",""frontImageId"":""front-algebra-8"",""backImageId"":""back-algebra-8"",""cardNumber"":8},{""id"":""card-9"",""frontImageId"":""front-algebra-9"",""backImageId"":""back-algebra-9"",""cardNumber"":9},{""id"":""card-10"",""frontImageId"":""front-algebra-10"",""backImageId"":""back-algebra-10"",""cardNumber"":10}]}"
"Geometry Fundamentals","Basic concepts of points, lines, and shapes","thumbnail-geometry","demo-user-id","Demo Teacher","2025-08-20 08:52:17",true,10,"9th","maths-2","{""titleImageId"":""title-geometry"",""flashcards"":[{""id"":""card-1"",""frontImageId"":""front-geometry-1"",""backImageId"":""back-geometry-1"",""cardNumber"":1},{""id"":""card-2"",""frontImageId"":""front-geometry-2"",""backImageId"":""back-geometry-2"",""cardNumber"":2},{""id"":""card-3"",""frontImageId"":""front-geometry-3"",""backImageId"":""back-geometry-3"",""cardNumber"":3},{""id"":""card-4"",""frontImageId"":""front-geometry-4"",""backImageId"":""back-geometry-4"",""cardNumber"":4},{""id"":""card-5"",""frontImageId"":""front-geometry-5"",""backImageId"":""back-geometry-5"",""cardNumber"":5},{""id"":""card-6"",""frontImageId"":""front-geometry-6"",""backImageId"":""back-geometry-6"",""cardNumber"":6},{""id"":""card-7"",""frontImageId"":""front-geometry-7"",""backImageId"":""back-geometry-7"",""cardNumber"":7},{""id"":""card-8"",""frontImageId"":""front-geometry-8"",""backImageId"":""back-geometry-8"",""cardNumber"":8},{""id"":""card-9"",""frontImageId"":""front-geometry-9"",""backImageId"":""back-geometry-9"",""cardNumber"":9},{""id"":""card-10"",""frontImageId"":""front-geometry-10"",""backImageId"":""back-geometry-10"",""cardNumber"":10}]}"
"English Grammar","Parts of speech and sentence structure","thumbnail-english","demo-user-id","Demo Teacher","2025-08-20 08:52:17",true,10,"9th","english","{""titleImageId"":""title-english"",""flashcards"":[{""id"":""card-1"",""frontImageId"":""front-english-1"",""backImageId"":""back-english-1"",""cardNumber"":1},{""id"":""card-2"",""frontImageId"":""front-english-2"",""backImageId"":""back-english-2"",""cardNumber"":2},{""id"":""card-3"",""frontImageId"":""front-english-3"",""backImageId"":""back-english-3"",""cardNumber"":3},{""id"":""card-4"",""frontImageId"":""front-english-4"",""backImageId"":""back-english-4"",""cardNumber"":4},{""id"":""card-5"",""frontImageId"":""front-english-5"",""backImageId"":""back-english-5"",""cardNumber"":5},{""id"":""card-6"",""frontImageId"":""front-english-6"",""backImageId"":""back-english-6"",""cardNumber"":6},{""id"":""card-7"",""frontImageId"":""front-english-7"",""backImageId"":""back-english-7"",""cardNumber"":7},{""id"":""card-8"",""frontImageId"":""front-english-8"",""backImageId"":""back-english-8"",""cardNumber"":8},{""id"":""card-9"",""frontImageId"":""front-english-9"",""backImageId"":""back-english-9"",""cardNumber"":9},{""id"":""card-10"",""frontImageId"":""front-english-10"",""backImageId"":""back-english-10"",""cardNumber"":10}]}"
"Marathi Literature","Famous Marathi poets and their works","thumbnail-marathi","demo-user-id","Demo Teacher","2025-08-20 08:52:17",true,10,"9th","marathi","{""titleImageId"":""title-marathi"",""flashcards"":[{""id"":""card-1"",""frontImageId"":""front-marathi-1"",""backImageId"":""back-marathi-1"",""cardNumber"":1},{""id"":""card-2"",""frontImageId"":""front-marathi-2"",""backImageId"":""back-marathi-2"",""cardNumber"":2},{""id"":""card-3"",""frontImageId"":""front-marathi-3"",""backImageId"":""back-marathi-3"",""cardNumber"":3},{""id"":""card-4"",""frontImageId"":""front-marathi-4"",""backImageId"":""back-marathi-4"",""cardNumber"":4},{""id"":""card-5"",""frontImageId"":""front-marathi-5"",""backImageId"":""back-marathi-5"",""cardNumber"":5},{""id"":""card-6"",""frontImageId"":""front-marathi-6"",""backImageId"":""back-marathi-6"",""cardNumber"":6},{""id"":""card-7"",""frontImageId"":""front-marathi-7"",""backImageId"":""back-marathi-7"",""cardNumber"":7},{""id"":""card-8"",""frontImageId"":""front-marathi-8"",""backImageId"":""back-marathi-8"",""cardNumber"":8},{""id"":""card-9"",""frontImageId"":""front-marathi-9"",""backImageId"":""back-marathi-9"",""cardNumber"":9},{""id"":""card-10"",""frontImageId"":""front-marathi-10"",""backImageId"":""back-marathi-10"",""cardNumber"":10}]}"
"Science Physics","Motion, force, and energy concepts","thumbnail-physics","demo-user-id","Demo Teacher","2025-08-20 08:52:17",true,10,"9th","science-1","{""titleImageId"":""title-physics"",""flashcards"":[{""id"":""card-1"",""frontImageId"":""front-physics-1"",""backImageId"":""back-physics-1"",""cardNumber"":1},{""id"":""card-2"",""frontImageId"":""front-physics-2"",""backImageId"":""back-physics-2"",""cardNumber"":2},{""id"":""card-3"",""frontImageId"":""front-physics-3"",""backImageId"":""back-physics-3"",""cardNumber"":3},{""id"":""card-4"",""frontImageId"":""front-physics-4"",""backImageId"":""back-physics-4"",""cardNumber"":4},{""id"":""card-5"",""frontImageId"":""front-physics-5"",""backImageId"":""back-physics-5"",""cardNumber"":5},{""id"":""card-6"",""frontImageId"":""front-physics-6"",""backImageId"":""back-physics-6"",""cardNumber"":6},{""id"":""card-7"",""frontImageId"":""front-physics-7"",""backImageId"":""back-physics-7"",""cardNumber"":7},{""id"":""card-8"",""frontImageId"":""front-physics-8"",""backImageId"":""back-physics-8"",""cardNumber"":8},{""id"":""card-9"",""frontImageId"":""front-physics-9"",""backImageId"":""back-physics-9"",""cardNumber"":9},{""id"":""card-10"",""frontImageId"":""front-physics-10"",""backImageId"":""back-physics-10"",""cardNumber"":10}]}"
"Science Chemistry","Elements, compounds, and reactions","thumbnail-chemistry","demo-user-id","Demo Teacher","2025-08-20 08:52:17",true,10,"9th","science-2","{""titleImageId"":""title-chemistry"",""flashcards"":[{""id"":""card-1"",""frontImageId"":""front-chemistry-1"",""backImageId"":""back-chemistry-1"",""cardNumber"":1},{""id"":""card-2"",""frontImageId"":""front-chemistry-2"",""backImageId"":""back-chemistry-2"",""cardNumber"":2},{""id"":""card-3"",""frontImageId"":""front-chemistry-3"",""backImageId"":""back-chemistry-3"",""cardNumber"":3},{""id"":""card-4"",""frontImageId"":""front-chemistry-4"",""backImageId"":""back-chemistry-4"",""cardNumber"":4},{""id"":""card-5"",""frontImageId"":""front-chemistry-5"",""backImageId"":""back-chemistry-5"",""cardNumber"":5},{""id"":""card-6"",""frontImageId"":""front-chemistry-6"",""backImageId"":""back-chemistry-6"",""cardNumber"":6},{""id"":""card-7"",""frontImageId"":""front-chemistry-7"",""backImageId"":""back-chemistry-7"",""cardNumber"":7},{""id"":""card-8"",""frontImageId"":""front-chemistry-8"",""backImageId"":""back-chemistry-8"",""cardNumber"":8},{""id"":""card-9"",""frontImageId"":""front-chemistry-9"",""backImageId"":""back-chemistry-9"",""cardNumber"":9},{""id"":""card-10"",""frontImageId"":""front-chemistry-10"",""backImageId"":""back-chemistry-10"",""cardNumber"":10}]}"
"History Civics","Indian freedom movement and democracy","thumbnail-history","demo-user-id","Demo Teacher","2025-08-20 08:52:17",true,10,"9th","history-civics","{""titleImageId"":""title-history"",""flashcards"":[{""id"":""card-1"",""frontImageId"":""front-history-1"",""backImageId"":""back-history-1"",""cardNumber"":1},{""id"":""card-2"",""frontImageId"":""front-history-2"",""backImageId"":""back-history-2"",""cardNumber"":2},{""id"":""card-3"",""frontImageId"":""front-history-3"",""backImageId"":""back-history-3"",""cardNumber"":3},{""id"":""card-4"",""frontImageId"":""front-history-4"",""backImageId"":""back-history-4"",""cardNumber"":4},{""id"":""card-5"",""frontImageId"":""front-history-5"",""backImageId"":""back-history-5"",""cardNumber"":5},{""id"":""card-6"",""frontImageId"":""front-history-6"",""backImageId"":""back-history-6"",""cardNumber"":6},{""id"":""card-7"",""frontImageId"":""front-history-7"",""backImageId"":""back-history-7"",""cardNumber"":7},{""id"":""card-8"",""frontImageId"":""front-history-8"",""backImageId"":""back-history-8"",""cardNumber"":8},{""id"":""card-9"",""frontImageId"":""front-history-9"",""backImageId"":""back-history-9"",""cardNumber"":9},{""id"":""card-10"",""frontImageId"":""front-history-10"",""backImageId"":""back-history-10"",""cardNumber"":10}]}"
"Geography of India","Physical features and climate of India","thumbnail-geography","demo-user-id","Demo Teacher","2025-08-20 08:52:17",true,10,"9th","geography","{""titleImageId"":""title-geography"",""flashcards"":[{""id"":""card-1"",""frontImageId"":""front-geography-1"",""backImageId"":""back-geography-1"",""cardNumber"":1},{""id"":""card-2"",""frontImageId"":""front-geography-2"",""backImageId"":""back-geography-2"",""cardNumber"":2},{""id"":""card-3"",""frontImageId"":""front-geography-3"",""backImageId"":""back-geography-3"",""cardNumber"":3},{""id"":""card-4"",""frontImageId"":""front-geography-4"",""backImageId"":""back-geography-4"",""cardNumber"":4},{""id"":""card-5"",""frontImageId"":""front-geography-5"",""backImageId"":""back-geography-5"",""cardNumber"":5},{""id"":""card-6"",""frontImageId"":""front-geography-6"",""backImageId"":""back-geography-6"",""cardNumber"":6},{""id"":""card-7"",""frontImageId"":""front-geography-7"",""backImageId"":""back-geography-7"",""cardNumber"":7},{""id"":""card-8"",""frontImageId"":""front-geography-8"",""backImageId"":""back-geography-8"",""cardNumber"":8},{""id"":""card-9"",""frontImageId"":""front-geography-9"",""backImageId"":""back-geography-9"",""cardNumber"":9},{""id"":""card-10"",""frontImageId"":""front-geography-10"",""backImageId"":""back-geography-10"",""cardNumber"":10}]}"
"Advanced Algebra","Quadratic equations and polynomials","thumbnail-algebra-10","demo-user-id","Demo Teacher","2025-08-20 08:52:17",true,10,"10th","maths-1","{""titleImageId"":""title-algebra-10"",""flashcards"":[{""id"":""card-1"",""frontImageId"":""front-algebra-10-1"",""backImageId"":""back-algebra-10-1"",""cardNumber"":1},{""id"":""card-2"",""frontImageId"":""front-algebra-10-2"",""backImageId"":""back-algebra-10-2"",""cardNumber"":2},{""id"":""card-3"",""frontImageId"":""front-algebra-10-3"",""backImageId"":""back-algebra-10-3"",""cardNumber"":3},{""id"":""card-4"",""frontImageId"":""front-algebra-10-4"",""backImageId"":""back-algebra-10-4"",""cardNumber"":4},{""id"":""card-5"",""frontImageId"":""front-algebra-10-5"",""backImageId"":""back-algebra-10-5"",""cardNumber"":5},{""id"":""card-6"",""frontImageId"":""front-algebra-10-6"",""backImageId"":""back-algebra-10-6"",""cardNumber"":6},{""id"":""card-7"",""frontImageId"":""front-algebra-10-7"",""backImageId"":""back-algebra-10-7"",""cardNumber"":7},{""id"":""card-8"",""frontImageId"":""front-algebra-10-8"",""backImageId"":""back-algebra-10-8"",""cardNumber"":8},{""id"":""card-9"",""frontImageId"":""front-algebra-10-9"",""backImageId"":""back-algebra-10-9"",""cardNumber"":9},{""id"":""card-10"",""frontImageId"":""front-algebra-10-10"",""backImageId"":""back-algebra-10-10"",""cardNumber"":10}]}"
"Coordinate Geometry","Graphs and coordinate systems","thumbnail-geometry-10","demo-user-id","Demo Teacher","2025-08-20 08:52:17",true,10,"10th","maths-2","{""titleImageId"":""title-geometry-10"",""flashcards"":[{""id"":""card-1"",""frontImageId"":""front-geometry-10-1"",""backImageId"":""back-geometry-10-1"",""cardNumber"":1},{""id"":""card-2"",""frontImageId"":""front-geometry-10-2"",""backImageId"":""back-geometry-10-2"",""cardNumber"":2},{""id"":""card-3"",""frontImageId"":""front-geometry-10-3"",""backImageId"":""back-geometry-10-3"",""cardNumber"":3},{""id"":""card-4"",""frontImageId"":""front-geometry-10-4"",""backImageId"":""back-geometry-10-4"",""cardNumber"":4},{""id"":""card-5"",""frontImageId"":""front-geometry-10-5"",""backImageId"":""back-geometry-10-5"",""cardNumber"":5},{""id"":""card-6"",""frontImageId"":""front-geometry-10-6"",""backImageId"":""back-geometry-10-6"",""cardNumber"":6},{""id"":""card-7"",""frontImageId"":""front-geometry-10-7"",""backImageId"":""back-geometry-10-7"",""cardNumber"":7},{""id"":""card-8"",""frontImageId"":""front-geometry-10-8"",""backImageId"":""back-geometry-10-8"",""cardNumber"":8},{""id"":""card-9"",""frontImageId"":""front-geometry-10-9"",""backImageId"":""back-geometry-10-9"",""cardNumber"":9},{""id"":""card-10"",""frontImageId"":""front-geometry-10-10"",""backImageId"":""back-geometry-10-10"",""cardNumber"":10}]}"
"English Literature","Shakespeare and modern literature","thumbnail-english-10","demo-user-id","Demo Teacher","2025-08-20 08:52:17",true,10,"10th","english","{""titleImageId"":""title-english-10"",""flashcards"":[{""id"":""card-1"",""frontImageId"":""front-english-10-1"",""backImageId"":""back-english-10-1"",""cardNumber"":1},{""id"":""card-2"",""frontImageId"":""front-english-10-2"",""backImageId"":""back-english-10-2"",""cardNumber"":2},{""id"":""card-3"",""frontImageId"":""front-english-10-3"",""backImageId"":""back-english-10-3"",""cardNumber"":3},{""id"":""card-4"",""frontImageId"":""front-english-10-4"",""backImageId"":""back-english-10-4"",""cardNumber"":4},{""id"":""card-5"",""frontImageId"":""front-english-10-5"",""backImageId"":""back-english-10-5"",""cardNumber"":5},{""id"":""card-6"",""frontImageId"":""front-english-10-6"",""backImageId"":""back-english-10-6"",""cardNumber"":6},{""id"":""card-7"",""frontImageId"":""front-english-10-7"",""backImageId"":""back-english-10-7"",""cardNumber"":7},{""id"":""card-8"",""frontImageId"":""front-english-10-8"",""backImageId"":""back-english-10-8"",""cardNumber"":8},{""id"":""card-9"",""frontImageId"":""front-english-10-9"",""backImageId"":""back-english-10-9"",""cardNumber"":9},{""id"":""card-10"",""frontImageId"":""front-english-10-10"",""backImageId"":""back-english-10-10"",""cardNumber"":10}]}"
"Marathi Grammar","Advanced grammar and composition","thumbnail-marathi-10","demo-user-id","Demo Teacher","2025-08-20 08:52:17",true,10,"10th","marathi","{""titleImageId"":""title-marathi-10"",""flashcards"":[{""id"":""card-1"",""frontImageId"":""front-marathi-10-1"",""backImageId"":""back-marathi-10-1"",""cardNumber"":1},{""id"":""card-2"",""frontImageId"":""front-marathi-10-2"",""backImageId"":""back-marathi-10-2"",""cardNumber"":2},{""id"":""card-3"",""frontImageId"":""front-marathi-10-3"",""backImageId"":""back-marathi-10-3"",""cardNumber"":3},{""id"":""card-4"",""frontImageId"":""front-marathi-10-4"",""backImageId"":""back-marathi-10-4"",""cardNumber"":4},{""id"":""card-5"",""frontImageId"":""front-marathi-10-5"",""backImageId"":""back-marathi-10-5"",""cardNumber"":5},{""id"":""card-6"",""frontImageId"":""front-marathi-10-6"",""backImageId"":""back-marathi-10-6"",""cardNumber"":6},{""id"":""card-7"",""frontImageId"":""front-marathi-10-7"",""backImageId"":""back-marathi-10-7"",""cardNumber"":7},{""id"":""card-8"",""frontImageId"":""front-marathi-10-8"",""backImageId"":""back-marathi-10-8"",""cardNumber"":8},{""id"":""card-9"",""frontImageId"":""front-marathi-10-9"",""backImageId"":""back-marathi-10-9"",""cardNumber"":9},{""id"":""card-10"",""frontImageId"":""front-marathi-10-10"",""backImageId"":""back-marathi-10-10"",""cardNumber"":10}]}"
"Physics Mechanics","Laws of motion and gravitation","thumbnail-physics-10","demo-user-id","Demo Teacher","2025-08-20 08:52:17",true,10,"10th","science-1","{""titleImageId"":""title-physics-10"",""flashcards"":[{""id"":""card-1"",""frontImageId"":""front-physics-10-1"",""backImageId"":""back-physics-10-1"",""cardNumber"":1},{""id"":""card-2"",""frontImageId"":""front-physics-10-2"",""backImageId"":""back-physics-10-2"",""cardNumber"":2},{""id"":""card-3"",""frontImageId"":""front-physics-10-3"",""backImageId"":""back-physics-10-3"",""cardNumber"":3},{""id"":""card-4"",""frontImageId"":""front-physics-10-4"",""backImageId"":""back-physics-10-4"",""cardNumber"":4},{""id"":""card-5"",""frontImageId"":""front-physics-10-5"",""backImageId"":""back-physics-10-5"",""cardNumber"":5},{""id"":""card-6"",""frontImageId"":""front-physics-10-6"",""backImageId"":""back-physics-10-6"",""cardNumber"":6},{""id"":""card-7"",""frontImageId"":""front-physics-10-7"",""backImageId"":""back-physics-10-7"",""cardNumber"":7},{""id"":""card-8"",""frontImageId"":""front-physics-10-8"",""backImageId"":""back-physics-10-8"",""cardNumber"":8},{""id"":""card-9"",""frontImageId"":""front-physics-10-9"",""backImageId"":""back-physics-10-9"",""cardNumber"":9},{""id"":""card-10"",""frontImageId"":""front-physics-10-10"",""backImageId"":""back-physics-10-10"",""cardNumber"":10}]}"
"Chemistry Organic","Introduction to organic chemistry","thumbnail-chemistry-10","demo-user-id","Demo Teacher","2025-08-20 08:52:17",true,10,"10th","science-2","{""titleImageId"":""title-chemistry-10"",""flashcards"":[{""id"":""card-1"",""frontImageId"":""front-chemistry-10-1"",""backImageId"":""back-chemistry-10-1"",""cardNumber"":1},{""id"":""card-2"",""frontImageId"":""front-chemistry-10-2"",""backImageId"":""back-chemistry-10-2"",""cardNumber"":2},{""id"":""card-3"",""frontImageId"":""front-chemistry-10-3"",""backImageId"":""back-chemistry-10-3"",""cardNumber"":3},{""id"":""card-4"",""frontImageId"":""front-chemistry-10-4"",""backImageId"":""back-chemistry-10-4"",""cardNumber"":4},{""id"":""card-5"",""frontImageId"":""front-chemistry-10-5"",""backImageId"":""back-chemistry-10-5"",""cardNumber"":5},{""id"":""card-6"",""frontImageId"":""front-chemistry-10-6"",""backImageId"":""back-chemistry-10-6"",""cardNumber"":6},{""id"":""card-7"",""frontImageId"":""front-chemistry-10-7"",""backImageId"":""back-chemistry-10-7"",""cardNumber"":7},{""id"":""card-8"",""frontImageId"":""front-chemistry-10-8"",""backImageId"":""back-chemistry-10-8"",""cardNumber"":8},{""id"":""card-9"",""frontImageId"":""front-chemistry-10-9"",""backImageId"":""back-chemistry-10-9"",""cardNumber"":9},{""id"":""card-10"",""frontImageId"":""front-chemistry-10-10"",""backImageId"":""back-chemistry-10-10"",""cardNumber"":10}]}"
"Modern Indian History","Post-independence India","thumbnail-history-10","demo-user-id","Demo Teacher","2025-08-20 08:52:17",true,10,"10th","history-civics","{""titleImageId"":""title-history-10"",""flashcards"":[{""id"":""card-1"",""frontImageId"":""front-history-10-1"",""backImageId"":""back-history-10-1"",""cardNumber"":1},{""id"":""card-2"",""frontImageId"":""front-history-10-2"",""backImageId"":""back-history-10-2"",""cardNumber"":2},{""id"":""card-3"",""frontImageId"":""front-history-10-3"",""backImageId"":""back-history-10-3"",""cardNumber"":3},{""id"":""card-4"",""frontImageId"":""front-history-10-4"",""backImageId"":""back-history-10-4"",""cardNumber"":4},{""id"":""card-5"",""frontImageId"":""front-history-10-5"",""backImageId"":""back-history-10-5"",""cardNumber"":5},{""id"":""card-6"",""frontImageId"":""front-history-10-6"",""backImageId"":""back-history-10-6"",""cardNumber"":6},{""id"":""card-7"",""frontImageId"":""front-history-10-7"",""backImageId"":""back-history-10-7"",""cardNumber"":7},{""id"":""card-8"",""frontImageId"":""front-history-10-8"",""backImageId"":""back-history-10-8"",""cardNumber"":8},{""id"":""card-9"",""frontImageId"":""front-history-10-9"",""backImageId"":""back-history-10-9"",""cardNumber"":9},{""id"":""card-10"",""frontImageId"":""front-history-10-10"",""backImageId"":""back-history-10-10"",""cardNumber"":10}]}"
"Indian Geography","Resources and agriculture","thumbnail-geography-10","demo-user-id","Demo Teacher","2025-08-20 08:52:17",true,10,"10th","geography","{""titleImageId"":""title-geography-10"",""flashcards"":[{""id"":""card-1"",""frontImageId"":""front-geography-10-1"",""backImageId"":""back-geography-10-1"",""cardNumber"":1},{""id"":""card-2"",""frontImageId"":""front-geography-10-2"",""backImageId"":""back-geography-10-2"",""cardNumber"":2},{""id"":""card-3"",""frontImageId"":""front-geography-10-3"",""backImageId"":""back-geography-10-3"",""cardNumber"":3},{""id"":""card-4"",""frontImageId"":""front-geography-10-4"",""backImageId"":""back-geography-10-4"",""cardNumber"":4},{""id"":""card-5"",""frontImageId"":""front-geography-10-5"",""backImageId"":""back-geography-10-5"",""cardNumber"":5},{""id"":""card-6"",""frontImageId"":""front-geography-10-6"",""backImageId"":""back-geography-10-6"",""cardNumber"":6},{""id"":""card-7"",""frontImageId"":""front-geography-10-7"",""backImageId"":""back-geography-10-7"",""cardNumber"":7},{""id"":""card-8"",""frontImageId"":""front-geography-10-8"",""backImageId"":""back-geography-10-8"",""cardNumber"":8},{""id"":""card-9"",""frontImageId"":""front-geography-10-9"",""backImageId"":""back-geography-10-9"",""cardNumber"":9},{""id"":""card-10"",""frontImageId"":""front-geography-10-10"",""backImageId"":""back-geography-10-10"",""cardNumber"":10}]}"
"Physics 11th Mechanics","Kinematics and dynamics","thumbnail-physics-11","demo-user-id","Demo Teacher","2025-08-20 08:52:17",true,10,"11th-sci","physics","{""titleImageId"":""title-physics-11"",""flashcards"":[{""id"":""card-1"",""frontImageId"":""front-physics-11-1"",""backImageId"":""back-physics-11-1"",""cardNumber"":1},{""id"":""card-2"",""frontImageId"":""front-physics-11-2"",""backImageId"":""back-physics-11-2"",""cardNumber"":2},{""id"":""card-3"",""frontImageId"":""front-physics-11-3"",""backImageId"":""back-physics-11-3"",""cardNumber"":3},{""id"":""card-4"",""frontImageId"":""front-physics-11-4"",""backImageId"":""back-physics-11-4"",""cardNumber"":4},{""id"":""card-5"",""frontImageId"":""front-physics-11-5"",""backImageId"":""back-physics-11-5"",""cardNumber"":5},{""id"":""card-6"",""frontImageId"":""front-physics-11-6"",""backImageId"":""back-physics-11-6"",""cardNumber"":6},{""id"":""card-7"",""frontImageId"":""front-physics-11-7"",""backImageId"":""back-physics-11-7"",""cardNumber"":7},{""id"":""card-8"",""frontImageId"":""front-physics-11-8"",""backImageId"":""back-physics-11-8"",""cardNumber"":8},{""id"":""card-9"",""frontImageId"":""front-physics-11-9"",""backImageId"":""back-physics-11-9"",""cardNumber"":9},{""id"":""card-10"",""frontImageId"":""front-physics-11-10"",""backImageId"":""back-physics-11-10"",""cardNumber"":10}]}"
"Chemistry 11th Organic","Hydrocarbons and functional groups","thumbnail-chemistry-11","demo-user-id","Demo Teacher","2025-08-20 08:52:17",true,10,"11th-sci","chemistry","{""titleImageId"":""title-chemistry-11"",""flashcards"":[{""id"":""card-1"",""frontImageId"":""front-chemistry-11-1"",""backImageId"":""back-chemistry-11-1"",""cardNumber"":1},{""id"":""card-2"",""frontImageId"":""front-chemistry-11-2"",""backImageId"":""back-chemistry-11-2"",""cardNumber"":2},{""id"":""card-3"",""frontImageId"":""front-chemistry-11-3"",""backImageId"":""back-chemistry-11-3"",""cardNumber"":3},{""id"":""card-4"",""frontImageId"":""front-chemistry-11-4"",""backImageId"":""back-chemistry-11-4"",""cardNumber"":4},{""id"":""card-5"",""frontImageId"":""front-chemistry-11-5"",""backImageId"":""back-chemistry-11-5"",""cardNumber"":5},{""id"":""card-6"",""frontImageId"":""front-chemistry-11-6"",""backImageId"":""back-chemistry-11-6"",""cardNumber"":6},{""id"":""card-7"",""frontImageId"":""front-chemistry-11-7"",""backImageId"":""back-chemistry-11-7"",""cardNumber"":7},{""id"":""card-8"",""frontImageId"":""front-chemistry-11-8"",""backImageId"":""back-chemistry-11-8"",""cardNumber"":8},{""id"":""card-9"",""frontImageId"":""front-chemistry-11-9"",""backImageId"":""back-chemistry-11-9"",""cardNumber"":9},{""id"":""card-10"",""frontImageId"":""front-chemistry-11-10"",""backImageId"":""back-chemistry-11-10"",""cardNumber"":10}]}"
"Biology 11th Cell","Cell structure and functions","thumbnail-biology-11","demo-user-id","Demo Teacher","2025-08-20 08:52:17",true,10,"11th-sci","biology","{""titleImageId"":""title-biology-11"",""flashcards"":[{""id"":""card-1"",""frontImageId"":""front-biology-11-1"",""backImageId"":""back-biology-11-1"",""cardNumber"":1},{""id"":""card-2"",""frontImageId"":""front-biology-11-2"",""backImageId"":""back-biology-11-2"",""cardNumber"":2},{""id"":""card-3"",""frontImageId"":""front-biology-11-3"",""backImageId"":""back-biology-11-3"",""cardNumber"":3},{""id"":""card-4"",""frontImageId"":""front-biology-11-4"",""backImageId"":""back-biology-11-4"",""cardNumber"":4},{""id"":""card-5"",""frontImageId"":""front-biology-11-5"",""backImageId"":""back-biology-11-5"",""cardNumber"":5},{""id"":""card-6"",""frontImageId"":""front-biology-11-6"",""backImageId"":""back-biology-11-6"",""cardNumber"":6},{""id"":""card-7"",""frontImageId"":""front-biology-11-7"",""backImageId"":""back-biology-11-7"",""cardNumber"":7},{""id"":""card-8"",""frontImageId"":""front-biology-11-8"",""backImageId"":""back-biology-11-8"",""cardNumber"":8},{""id"":""card-9"",""frontImageId"":""front-biology-11-9"",""backImageId"":""back-biology-11-9"",""cardNumber"":9},{""id"":""card-10"",""frontImageId"":""front-biology-11-10"",""backImageId"":""back-biology-11-10"",""cardNumber"":10}]}"
"Mathematics 11th Algebra","Sets and relations","thumbnail-maths-11-1","demo-user-id","Demo Teacher","2025-08-20 08:52:17",true,10,"11th-sci","maths-1","{""titleImageId"":""title-maths-11-1"",""flashcards"":[{""id"":""card-1"",""frontImageId"":""front-maths-11-1-1"",""backImageId"":""back-maths-11-1-1"",""cardNumber"":1},{""id"":""card-2"",""frontImageId"":""front-maths-11-1-2"",""backImageId"":""back-maths-11-1-2"",""cardNumber"":2},{""id"":""card-3"",""frontImageId"":""front-maths-11-1-3"",""backImageId"":""back-maths-11-1-3"",""cardNumber"":3},{""id"":""card-4"",""frontImageId"":""front-maths-11-1-4"",""backImageId"":""back-maths-11-1-4"",""cardNumber"":4},{""id"":""card-5"",""frontImageId"":""front-maths-11-1-5"",""backImageId"":""back-maths-11-1-5"",""cardNumber"":5},{""id"":""card-6"",""frontImageId"":""front-maths-11-1-6"",""backImageId"":""back-maths-11-1-6"",""cardNumber"":6},{""id"":""card-7"",""frontImageId"":""front-maths-11-1-7"",""backImageId"":""back-maths-11-1-7"",""cardNumber"":7},{""id"":""card-8"",""frontImageId"":""front-maths-11-1-8"",""backImageId"":""back-maths-11-1-8"",""cardNumber"":8},{""id"":""card-9"",""frontImageId"":""front-maths-11-1-9"",""backImageId"":""back-maths-11-1-9"",""cardNumber"":9},{""id"":""card-10"",""frontImageId"":""front-maths-11-1-10"",""backImageId"":""back-maths-11-1-10"",""cardNumber"":10}]}"
"Mathematics 11th Calculus","Limits and derivatives","thumbnail-maths-11-2","demo-user-id","Demo Teacher","2025-08-20 08:52:17",true,10,"11th-sci","maths-2","{""titleImageId"":""title-maths-11-2"",""flashcards"":[{""id"":""card-1"",""frontImageId"":""front-maths-11-2-1"",""backImageId"":""back-maths-11-2-1"",""cardNumber"":1},{""id"":""card-2"",""frontImageId"":""front-maths-11-2-2"",""backImageId"":""back-maths-11-2-2"",""cardNumber"":2},{""id"":""card-3"",""frontImageId"":""front-maths-11-2-3"",""backImageId"":""back-maths-11-2-3"",""cardNumber"":3},{""id"":""card-4"",""frontImageId"":""front-maths-11-2-4"",""backImageId"":""back-maths-11-2-4"",""cardNumber"":4},{""id"":""card-5"",""frontImageId"":""front-maths-11-2-5"",""backImageId"":""back-maths-11-2-5"",""cardNumber"":5},{""id"":""card-6"",""frontImageId"":""front-maths-11-2-6"",""backImageId"":""back-maths-11-2-6"",""cardNumber"":6},{""id"":""card-7"",""frontImageId"":""front-maths-11-2-7"",""backImageId"":""back-maths-11-2-7"",""cardNumber"":7},{""id"":""card-8"",""frontImageId"":""front-maths-11-2-8"",""backImageId"":""back-maths-11-2-8"",""cardNumber"":8},{""id"":""card-9"",""frontImageId"":""front-maths-11-2-9"",""backImageId"":""back-maths-11-2-9"",""cardNumber"":9},{""id"":""card-10"",""frontImageId"":""front-maths-11-2-10"",""backImageId"":""back-maths-11-2-10"",""cardNumber"":10}]}"
"Physics 12th Electromagnetism","Electricity and magnetism","thumbnail-physics-12","demo-user-id","Demo Teacher","2025-08-20 08:52:17",true,10,"12th-sci","physics","{""titleImageId"":""title-physics-12"",""flashcards"":[{""id"":""card-1"",""frontImageId"":""front-physics-12-1"",""backImageId"":""back-physics-12-1"",""cardNumber"":1},{""id"":""card-2"",""frontImageId"":""front-physics-12-2"",""backImageId"":""back-physics-12-2"",""cardNumber"":2},{""id"":""card-3"",""frontImageId"":""front-physics-12-3"",""backImageId"":""back-physics-12-3"",""cardNumber"":3},{""id"":""card-4"",""frontImageId"":""front-physics-12-4"",""backImageId"":""back-physics-12-4"",""cardNumber"":4},{""id"":""card-5"",""frontImageId"":""front-physics-12-5"",""backImageId"":""back-physics-12-5"",""cardNumber"":5},{""id"":""card-6"",""frontImageId"":""front-physics-12-6"",""backImageId"":""back-physics-12-6"",""cardNumber"":6},{""id"":""card-7"",""frontImageId"":""front-physics-12-7"",""backImageId"":""back-physics-12-7"",""cardNumber"":7},{""id"":""card-8"",""frontImageId"":""front-physics-12-8"",""backImageId"":""back-physics-12-8"",""cardNumber"":8},{""id"":""card-9"",""frontImageId"":""front-physics-12-9"",""backImageId"":""back-physics-12-9"",""cardNumber"":9},{""id"":""card-10"",""frontImageId"":""front-physics-12-10"",""backImageId"":""back-physics-12-10"",""cardNumber"":10}]}"
"Chemistry 12th Inorganic","Periodic table and chemical bonding","thumbnail-chemistry-12","demo-user-id","Demo Teacher","2025-08-20 08:52:17",true,10,"12th-sci","chemistry","{""titleImageId"":""title-chemistry-12"",""flashcards"":[{""id"":""card-1"",""frontImageId"":""front-chemistry-12-1"",""backImageId"":""back-chemistry-12-1"",""cardNumber"":1},{""id"":""card-2"",""frontImageId"":""front-chemistry-12-2"",""backImageId"":""back-chemistry-12-2"",""cardNumber"":2},{""id"":""card-3"",""frontImageId"":""front-chemistry-12-3"",""backImageId"":""back-chemistry-12-3"",""cardNumber"":3},{""id"":""card-4"",""frontImageId"":""front-chemistry-12-4"",""backImageId"":""back-chemistry-12-4"",""cardNumber"":4},{""id"":""card-5"",""frontImageId"":""front-chemistry-12-5"",""backImageId"":""back-chemistry-12-5"",""cardNumber"":5},{""id"":""card-6"",""frontImageId"":""front-chemistry-12-6"",""backImageId"":""back-chemistry-12-6"",""cardNumber"":6},{""id"":""card-7"",""frontImageId"":""front-chemistry-12-7"",""backImageId"":""back-chemistry-12-7"",""cardNumber"":7},{""id"":""card-8"",""frontImageId"":""front-chemistry-12-8"",""backImageId"":""back-chemistry-12-8"",""cardNumber"":8},{""id"":""card-9"",""frontImageId"":""front-chemistry-12-9"",""backImageId"":""back-chemistry-12-9"",""cardNumber"":9},{""id"":""card-10"",""frontImageId"":""front-chemistry-12-10"",""backImageId"":""back-chemistry-12-10"",""cardNumber"":10}]}"
"Biology 12th Genetics","Heredity and evolution","thumbnail-biology-12","demo-user-id","Demo Teacher","2025-08-20 08:52:17",true,10,"12th-sci","biology","{""titleImageId"":""title-biology-12"",""flashcards"":[{""id"":""card-1"",""frontImageId"":""front-biology-12-1"",""backImageId"":""back-biology-12-1"",""cardNumber"":1},{""id"":""card-2"",""frontImageId"":""front-biology-12-2"",""backImageId"":""back-biology-12-2"",""cardNumber"":2},{""id"":""card-3"",""frontImageId"":""front-biology-12-3"",""backImageId"":""back-biology-12-3"",""cardNumber"":3},{""id"":""card-4"",""frontImageId"":""front-biology-12-4"",""backImageId"":""back-biology-12-4"",""cardNumber"":4},{""id"":""card-5"",""frontImageId"":""front-biology-12-5"",""backImageId"":""back-biology-12-5"",""cardNumber"":5},{""id"":""card-6"",""frontImageId"":""front-biology-12-6"",""backImageId"":""back-biology-12-6"",""cardNumber"":6},{""id"":""card-7"",""frontImageId"":""front-biology-12-7"",""backImageId"":""back-biology-12-7"",""cardNumber"":7},{""id"":""card-8"",""frontImageId"":""front-biology-12-8"",""backImageId"":""back-biology-12-8"",""cardNumber"":8},{""id"":""card-9"",""frontImageId"":""front-biology-12-9"",""backImageId"":""back-biology-12-9"",""cardNumber"":9},{""id"":""card-10"",""frontImageId"":""front-biology-12-10"",""backImageId"":""back-biology-12-10"",""cardNumber"":10}]}"
"Mathematics 12th Algebra","Matrices and determinants","thumbnail-maths-12-1","demo-user-id","Demo Teacher","2025-08-20 08:52:17",true,10,"12th-sci","maths-1","{""titleImageId"":""title-maths-12-1"",""flashcards"":[{""id"":""card-1"",""frontImageId"":""front-maths-12-1-1"",""backImageId"":""back-maths-12-1-1"",""cardNumber"":1},{""id"":""card-2"",""frontImageId"":""front-maths-12-1-2"",""backImageId"":""back-maths-12-1-2"",""cardNumber"":2},{""id"":""card-3"",""frontImageId"":""front-maths-12-1-3"",""backImageId"":""back-maths-12-1-3"",""cardNumber"":3},{""id"":""card-4"",""frontImageId"":""front-maths-12-1-4"",""backImageId"":""back-maths-12-1-4"",""cardNumber"":4},{""id"":""card-5"",""frontImageId"":""front-maths-12-1-5"",""backImageId"":""back-maths-12-1-5"",""cardNumber"":5},{""id"":""card-6"",""frontImageId"":""front-maths-12-1-6"",""backImageId"":""back-maths-12-1-6"",""cardNumber"":6},{""id"":""card-7"",""frontImageId"":""front-maths-12-1-7"",""backImageId"":""back-maths-12-1-7"",""cardNumber"":7},{""id"":""card-8"",""frontImageId"":""front-maths-12-1-8"",""backImageId"":""back-maths-12-1-8"",""cardNumber"":8},{""id"":""card-9"",""frontImageId"":""front-maths-12-1-9"",""backImageId"":""back-maths-12-1-9"",""cardNumber"":9},{""id"":""card-10"",""frontImageId"":""front-maths-12-1-10"",""backImageId"":""back-maths-12-1-10"",""cardNumber"":10}]}"
"Mathematics 12th Calculus","Integrals and applications","thumbnail-maths-12-2","demo-user-id","Demo Teacher","2025-08-20 08:52:17",true,10,"12th-sci","maths-2","{""titleImageId"":""title-maths-12-2"",""flashcards"":[{""id"":""card-1"",""frontImageId"":""front-maths-12-2-1"",""backImageId"":""back-maths-12-2-1"",""cardNumber"":1},{""id"":""card-2"",""frontImageId"":""front-maths-12-2-2"",""backImageId"":""back-maths-12-2-2"",""cardNumber"":2},{""id"":""card-3"",""frontImageId"":""front-maths-12-2-3"",""backImageId"":""back-maths-12-2-3"",""cardNumber"":3},{""id"":""card-4"",""frontImageId"":""front-maths-12-2-4"",""backImageId"":""back-maths-12-2-4"",""cardNumber"":4},{""id"":""card-5"",""frontImageId"":""front-maths-12-2-5"",""backImageId"":""back-maths-12-2-5"",""cardNumber"":5},{""id"":""card-6"",""frontImageId"":""front-maths-12-2-6"",""backImageId"":""back-maths-12-2-6"",""cardNumber"":6},{""id"":""card-7"",""frontImageId"":""front-maths-12-2-7"",""backImageId"":""back-maths-12-2-7"",""cardNumber"":7},{""id"":""card-8"",""frontImageId"":""front-maths-12-2-8"",""backImageId"":""back-maths-12-2-8"",""cardNumber"":8},{""id"":""card-9"",""frontImageId"":""front-maths-12-2-9"",""backImageId"":""back-maths-12-2-9"",""cardNumber"":9},{""id"":""card-10"",""frontImageId"":""front-maths-12-2-10"",""backImageId"":""back-maths-12-2-10"",""cardNumber"":10}]}"